Method,Job,AnalyzeLaunchVariance,EvaluateOverhead,MaxAbsoluteError,MaxRelativeError,MinInvokeCount,MinIterationTime,OutlierMode,Affinity,EnvironmentVariables,Jit,LargeAddressAware,Platform,PowerPlanMode,Runtime,AllowVeryLargeObjects,Concurrent,CpuGroups,Force,HeapAffinitizeMask,HeapCount,NoAffinitize,RetainVm,Server,Arguments,BuildConfiguration,Clock,EngineFactory,NuGetReferences,Toolchain,IsMutator,InvocationCount,IterationCount,IterationTime,LaunchCount,MaxIterationCount,MaxWarmupIterationCount,MemoryRandomization,MinIterationCount,MinWarmupIterationCount,RunStrategy,UnrollFactor,WarmupCount,Mean,Error,StdDev,Gen0,Gen1,Gen2,Allocated
ConnectionPluginManager_InitAndRelease_WithPlugins,Job-TPYSCQ,False,Default,Default,Default,Default,Default,Default,000000000000,Empty,RyuJit,Default,Arm64,8c5e7fda-e8bf-4a96-9a85-a6e23a8c635c,.NET 8.0,False,True,False,True,Default,Default,False,False,False,Default,Default,Default,Default,Default,Default,Default,1,Default,Default,Default,Default,Default,Default,Default,Default,Monitoring,1,3,859.7 ns,48.62 ns,32.16 ns,0.4440,0.2220,0.0000,3.63 KB
ConnectionPluginMananger_InitAndRelease_WithoutPlugins,Job-TPYSCQ,False,Default,Default,Default,Default,Default,Default,000000000000,Empty,RyuJit,Default,Arm64,8c5e7fda-e8bf-4a96-9a85-a6e23a8c635c,.NET 8.0,False,True,False,True,Default,Default,False,False,False,Default,Default,Default,Default,Default,Default,Default,1,Default,Default,Default,Default,Default,Default,Default,Default,Monitoring,1,3,584.6 ns,12.41 ns,8.21 ns,0.1860,0.0920,0.0000,1.52 KB
ExecuteStatement_WithPlugins,Job-TPYSCQ,False,Default,Default,Default,Default,Default,Default,000000000000,Empty,RyuJit,Default,Arm64,8c5e7fda-e8bf-4a96-9a85-a6e23a8c635c,.NET 8.0,False,True,False,True,Default,Default,False,False,False,Default,Default,Default,Default,Default,Default,Default,1,Default,Default,Default,Default,Default,Default,Default,Default,Monitoring,1,3,"2,989.0 ns",31.78 ns,21.02 ns,1.4820,0.4940,0.0160,12.11 KB
ExecuteStatement_WithoutPlugins,Job-TPYSCQ,False,Default,Default,Default,Default,Default,Default,000000000000,Empty,RyuJit,Default,Arm64,8c5e7fda-e8bf-4a96-9a85-a6e23a8c635c,.NET 8.0,False,True,False,True,Default,Default,False,False,False,Default,Default,Default,Default,Default,Default,Default,1,Default,Default,Default,Default,Default,Default,Default,Default,Monitoring,1,3,"3,011.4 ns",70.49 ns,46.63 ns,1.4820,0.4940,0.0160,12.11 KB
